[
{
  "model": "normas.areas_normas",
  "pk": 1,
  "fields": {
    "area_name": "VIVIENDA",
    "register_date_time": "2022-02-21T18:25:14.738",
    "created": "2022-02-21T18:25:14.738",
    "updated": "2022-02-21T18:25:14.738"
  }
},
{
  "model": "normas.areas_normas",
  "pk": 2,
  "fields": {
    "area_name": "RESTAURANTES",
    "register_date_time": "2022-02-21T18:25:24.105",
    "created": "2022-02-21T18:25:24.105",
    "updated": "2022-02-21T18:25:24.105"
  }
},
{
  "model": "normas.subcategories_normas",
  "pk": 1,
  "fields": {
    "subcategory_name": "1. RNE",
    "register_date_time": "2022-02-21T18:45:51.682",
    "order": "1",
    "created": "2022-02-21T18:45:51.682",
    "updated": "2022-02-21T19:04:23.265"
  }
},
{
  "model": "normas.subcategories_normas",
  "pk": 2,
  "fields": {
    "subcategory_name": "1.1 Arquitectura",
    "register_date_time": "2022-02-21T18:46:08.286",
    "order": "2",
    "created": "2022-02-21T18:46:08.286",
    "updated": "2022-02-21T18:46:08.286"
  }
},
{
  "model": "normas.subcategories_normas",
  "pk": 3,
  "fields": {
    "subcategory_name": "1.1.1 TRANSVERSALES",
    "register_date_time": "2022-02-21T18:46:31.999",
    "order": "3",
    "created": "2022-02-21T18:46:31.999",
    "updated": "2022-02-21T18:46:31.999"
  }
},
{
  "model": "normas.subcategories_normas",
  "pk": 4,
  "fields": {
    "subcategory_name": "1.1.2 VIVIENDA",
    "register_date_time": "2022-02-21T18:46:41.346",
    "order": "4",
    "created": "2022-02-21T18:46:41.347",
    "updated": "2022-02-21T18:46:41.347"
  }
},
{
  "model": "normas.subcategories_normas",
  "pk": 5,
  "fields": {
    "subcategory_name": "1.2 ESPECIALIDADES RELACIONADAS",
    "register_date_time": "2022-02-21T18:46:52.796",
    "order": "5",
    "created": "2022-02-21T18:46:52.796",
    "updated": "2022-02-21T18:46:52.796"
  }
},
{
  "model": "normas.subcategories_normas",
  "pk": 6,
  "fields": {
    "subcategory_name": "2.NORMAS SECTORIALES",
    "register_date_time": "2022-02-21T18:47:03.327",
    "order": "6",
    "created": "2022-02-21T18:47:03.327",
    "updated": "2022-02-21T18:47:03.327"
  }
},
{
  "model": "normas.subcategories_normas",
  "pk": 7,
  "fields": {
    "subcategory_name": "2.1 GAS VIVIENDAS ENERGIA Y MINAS",
    "register_date_time": "2022-02-21T18:47:13.000",
    "order": "7",
    "created": "2022-02-21T18:47:13.000",
    "updated": "2022-02-21T18:47:13.000"
  }
},
{
  "model": "normas.subcategories_normas",
  "pk": 8,
  "fields": {
    "subcategory_name": "2.2 RATDUS-Ministerio de Vivienda",
    "register_date_time": "2022-02-21T18:47:46.173",
    "order": "8",
    "created": "2022-02-21T18:47:46.173",
    "updated": "2022-02-21T18:47:46.173"
  }
},
{
  "model": "normas.subcategories_normas",
  "pk": 9,
  "fields": {
    "subcategory_name": "2.3 VIVIENDA DE INTERES SOCIAL- MIN. DE VIVIENDA",
    "register_date_time": "2022-02-21T18:48:00.584",
    "order": "9",
    "created": "2022-02-21T18:48:00.584",
    "updated": "2022-02-21T18:48:00.584"
  }
},
{
  "model": "normas.subcategories_normas",
  "pk": 10,
  "fields": {
    "subcategory_name": "3.OPINIONES VINCULANTES",
    "register_date_time": "2022-02-21T18:48:14.601",
    "order": "10",
    "created": "2022-02-21T18:48:14.601",
    "updated": "2022-02-21T18:48:14.601"
  }
},
{
  "model": "normas.subcategories_normas",
  "pk": 11,
  "fields": {
    "subcategory_name": "3.1 VIVIENDA DE INTERES SOCIAL- MIN. DE VIVIENDA",
    "register_date_time": "2022-02-21T18:48:19.763",
    "order": "11",
    "created": "2022-02-21T18:48:19.763",
    "updated": "2022-02-21T18:48:19.763"
  }
},
{
  "model": "normas.subcategories_normas",
  "pk": 12,
  "fields": {
    "subcategory_name": "4.REGLAMENTO COMENTADO",
    "register_date_time": "2022-02-21T18:48:32.054",
    "order": "12",
    "created": "2022-02-21T18:48:32.054",
    "updated": "2022-02-21T18:48:32.054"
  }
},
{
  "model": "normas.subcategories_normas",
  "pk": 13,
  "fields": {
    "subcategory_name": "4.1 NORMA GRAFICA COMENTADA",
    "register_date_time": "2022-02-21T18:49:01.106",
    "order": "13",
    "created": "2022-02-21T18:49:01.106",
    "updated": "2022-02-21T18:49:01.106"
  }
},
{
  "model": "normas.subcategories_normas",
  "pk": 14,
  "fields": {
    "subcategory_name": "4.2 CASUISTICA",
    "register_date_time": "2022-02-21T18:49:18.463",
    "order": "14",
    "created": "2022-02-21T18:49:18.463",
    "updated": "2022-02-21T18:49:18.463"
  }
},
{
  "model": "normas.subcategories_normas",
  "pk": 15,
  "fields": {
    "subcategory_name": "4.2.1 APELACIONES RECONSIDERACIONES",
    "register_date_time": "2022-02-21T18:49:43.971",
    "order": "15",
    "created": "2022-02-21T18:49:43.971",
    "updated": "2022-02-21T18:49:43.971"
  }
},
{
  "model": "normas.subcategories_normas",
  "pk": 16,
  "fields": {
    "subcategory_name": "4.2.2 CONCLUSIONES DE CHARLAS(OPINION DE ASUNTOS TECNICOS )",
    "register_date_time": "2022-02-21T18:49:55.189",
    "order": "16",
    "created": "2022-02-21T18:49:55.189",
    "updated": "2022-02-21T18:49:55.189"
  }
},
{
  "model": "normas.subcategories_normas",
  "pk": 17,
  "fields": {
    "subcategory_name": "4.2.3 DIRECTIVAS CAP",
    "register_date_time": "2022-02-21T18:50:08.445",
    "order": "17",
    "created": "2022-02-21T18:50:08.445",
    "updated": "2022-02-21T18:50:08.445"
  }
},
{
  "model": "normas.subcategories_normas",
  "pk": 18,
  "fields": {
    "subcategory_name": "5.INDECOPI",
    "register_date_time": "2022-02-21T18:50:21.124",
    "order": "18",
    "created": "2022-02-21T18:50:21.124",
    "updated": "2022-02-21T18:50:21.124"
  }
},
{
  "model": "normas.subcategories_normas",
  "pk": 19,
  "fields": {
    "subcategory_name": "6.NORMAS MUNICIPALES",
    "register_date_time": "2022-02-21T18:50:34.221",
    "order": "19",
    "created": "2022-02-21T18:50:34.221",
    "updated": "2022-02-21T18:50:34.221"
  }
},
{
  "model": "normas.subcategories_normas",
  "pk": 20,
  "fields": {
    "subcategory_name": "6.1 NORMAS PROVINCIALES",
    "register_date_time": "2022-02-21T18:50:46.795",
    "order": "20",
    "created": "2022-02-21T18:50:46.795",
    "updated": "2022-02-21T18:50:46.795"
  }
},
{
  "model": "normas.subcategories_normas",
  "pk": 21,
  "fields": {
    "subcategory_name": "6.2 NORMAS DISTRITALES",
    "register_date_time": "2022-02-21T18:50:59.137",
    "order": "21",
    "created": "2022-02-21T18:50:59.137",
    "updated": "2022-02-21T18:50:59.137"
  }
},
{
  "model": "normas.register_normativa",
  "pk": 1,
  "fields": {
    "norma": "A.010\t",
    "name_denom": "Condiciones Generales de diseño",
    "base_legal": "R.M. N° 191-2021-Vivienda\t",
    "fecha_publi": "2021-07-08",
    "tipo_norma": 2,
    "tipo_uso": 1,
    "document": "Document_normativa/RNE_A.010_Resol.Minist._Nº_191-2021-VIVIENDA-_A.010_Condiciones_Gener_21d67R0.pdf",
    "es_foro": false,
    "es_vigente": false,
    "descripcion": "",
    "created": "2022-02-21T18:57:08.879",
    "updated": "2022-02-21T18:57:08.879"
  }
},
{
  "model": "normas.register_normativa",
  "pk": 2,
  "fields": {
    "norma": "A.020\t",
    "name_denom": "Vivienda del RNE\t",
    "base_legal": "R.M.N° 188-2021-Vivienda\t",
    "fecha_publi": "2021-07-07",
    "tipo_norma": 4,
    "tipo_uso": 1,
    "document": "Document_normativa/RNE_A.010_Resol.Minist._Nº_191-2021-VIVIENDA-_A.010_Condiciones_Gener_ymCr6y6.pdf",
    "es_foro": false,
    "es_vigente": false,
    "descripcion": "",
    "created": "2022-02-21T18:59:36.370",
    "updated": "2022-02-21T18:59:36.370"
  }
},
{
  "model": "normas.register_normativa",
  "pk": 3,
  "fields": {
    "norma": "A.010",
    "name_denom": "Condiciones Generales de diseño",
    "base_legal": "D.S. N° 191-2021-VIVIENDA",
    "fecha_publi": "2020-08-08",
    "tipo_norma": 5,
    "tipo_uso": 2,
    "document": "Document_normativa/RNE_A.010_Resol.Minist._Nº_191-2021-VIVIENDA-_A.010_Condiciones_Gener_AYqA0O0.pdf",
    "es_foro": false,
    "es_vigente": false,
    "descripcion": "",
    "created": "2022-02-21T19:01:00.522",
    "updated": "2022-02-21T19:01:00.522"
  }
},
{
  "model": "normas.register_normativa",
  "pk": 4,
  "fields": {
    "norma": "A.120",
    "name_denom": "Accesibilidad Universal en Edificaciones (antes \"Accesibilidad para personas con discapacidad\")",
    "base_legal": "R.M.N° 079-2019 -VIVIENDA\t",
    "fecha_publi": "2019-05-02",
    "tipo_norma": 8,
    "tipo_uso": 2,
    "document": "Document_normativa/R.M.029-2021-VIVIENDA_MODIF.NORMA_G.040_DEFINICIONES_RNE_29.01.2021_D_pu3oCVz.pdf",
    "es_foro": false,
    "es_vigente": false,
    "descripcion": "",
    "created": "2022-02-21T19:02:06.603",
    "updated": "2022-02-21T19:02:06.604"
  }
},
{
  "model": "normas.register_normativa",
  "pk": 5,
  "fields": {
    "norma": "A.130",
    "name_denom": "Requisitos de Seguridad - . NOTA: La R.M. 061-2021-VIVIENDA Derogó el Capítulo VIII Comercio, de la Norma Técnica A.130, La norma Comercio A.070 ya incluye seguridad",
    "base_legal": "D.S. N° 011-2006-VIVIENDA y D.S. N° 017-2012-VIVIENDA\t",
    "fecha_publi": "2019-11-09",
    "tipo_norma": 16,
    "tipo_uso": 2,
    "document": "Document_normativa/RNE_A.010_Resol.Minist._Nº_191-2021-VIVIENDA-_A.010_Condiciones_Gener_FGJTeUw.pdf",
    "es_foro": false,
    "es_vigente": false,
    "descripcion": "",
    "created": "2022-02-21T19:02:51.438",
    "updated": "2022-02-21T19:02:51.438"
  }
},
{
  "model": "normas.register_normativa",
  "pk": 6,
  "fields": {
    "norma": "Norma A.020",
    "name_denom": "Tabla excell de Pozo de Luz\t",
    "base_legal": "R.M.N° 188-2021-Vivienda",
    "fecha_publi": "2018-06-07",
    "tipo_norma": 9,
    "tipo_uso": 1,
    "document": "Document_normativa/2006.06.09_GE.020_COMPONENTES_Y_CARACTERISTICAS_DE_LOS_PROYECTOS_D.S._2WaWva8.pdf",
    "es_foro": false,
    "es_vigente": false,
    "descripcion": "",
    "created": "2022-02-21T19:04:08.230",
    "updated": "2022-02-21T19:04:08.231"
  }
},
{
  "model": "normas.register_normativa",
  "pk": 7,
  "fields": {
    "norma": "Norma E.M.050",
    "name_denom": "Instalaciones Climatización",
    "base_legal": "D.S. N° 011-2006-VIVIENDA",
    "fecha_publi": "2008-05-08",
    "tipo_norma": 6,
    "tipo_uso": 2,
    "document": "Document_normativa/2006.06.09_GE.020_COMPONENTES_Y_CARACTERISTICAS_DE_LOS_PROYECTOS_D.S._emdmwcV.pdf",
    "es_foro": false,
    "es_vigente": false,
    "descripcion": "",
    "created": "2022-02-21T19:06:00.234",
    "updated": "2022-02-21T19:06:00.234"
  }
},
{
  "model": "normas.register_normativa",
  "pk": 8,
  "fields": {
    "norma": "E.M.030-RNE",
    "name_denom": "Instalaciones de Ventilación del Reglamento Nacional de Edificaciones.\t",
    "base_legal": "R.M. N° 232-2020-VIVIENDA",
    "fecha_publi": "2016-03-10",
    "tipo_norma": 2,
    "tipo_uso": 2,
    "document": "Document_normativa/A.130_REQUISITOS_DE_SEGURIDAD_DS_N_017-2012_O09ITlr_o4tLdMo.pdf",
    "es_foro": false,
    "es_vigente": false,
    "descripcion": "",
    "created": "2022-02-21T19:06:42.131",
    "updated": "2022-02-21T19:06:42.131"
  }
},
{
  "model": "normas.register_normativa",
  "pk": 9,
  "fields": {
    "norma": "A244",
    "name_denom": "OTRA NORMA DE PRUEBA 2",
    "base_legal": "R.M. N° 490-2021-VIVIENDA\t",
    "fecha_publi": "2022-02-11",
    "tipo_norma": 2,
    "tipo_uso": 1,
    "document": "Document_normativa/A.130_REQUISITOS_DE_SEGURIDAD_DS_N_017-2012_mgGadIV_yFLFp5q_gEu51LO.pdf",
    "es_foro": false,
    "es_vigente": false,
    "descripcion": "",
    "created": "2022-02-21T19:08:33.911",
    "updated": "2022-02-21T19:08:33.911"
  }
},
{
  "model": "normas.register_normativa",
  "pk": 10,
  "fields": {
    "norma": "A.0100",
    "name_denom": "Instalaciones subterraneas",
    "base_legal": "R.M. N° 322-2019-Lotes\t",
    "fecha_publi": "2012-10-10",
    "tipo_norma": 2,
    "tipo_uso": 1,
    "document": "Document_normativa/33617_E9PYr3x_3XmOePZ_OpSqnox.pdf",
    "es_foro": false,
    "es_vigente": false,
    "descripcion": "",
    "created": "2022-02-21T19:09:44.593",
    "updated": "2022-02-21T19:09:44.593"
  }
},
{
  "model": "normas.register_palabraclave",
  "pk": 1,
  "fields": {
    "name": "VIVIENDA",
    "normativa": 1,
    "created": "2022-02-21T18:57:24.320",
    "updated": "2022-02-21T18:57:24.320"
  }
},
{
  "model": "normas.register_palabraclave",
  "pk": 2,
  "fields": {
    "name": "EDIFICIO",
    "normativa": 1,
    "created": "2022-02-21T18:57:40.885",
    "updated": "2022-02-21T18:57:40.885"
  }
},
{
  "model": "normas.register_palabraclave",
  "pk": 3,
  "fields": {
    "name": "VIVIENDA",
    "normativa": 1,
    "created": "2022-02-21T19:10:38.919",
    "updated": "2022-02-21T19:10:38.919"
  }
},
{
  "model": "normas.register_palabraclave",
  "pk": 4,
  "fields": {
    "name": "VIVIENDA",
    "normativa": 2,
    "created": "2022-02-21T19:10:52.578",
    "updated": "2022-02-21T19:10:52.578"
  }
},
{
  "model": "normas.register_palabraclave",
  "pk": 5,
  "fields": {
    "name": "EDIFICIO MULTIFAMILIAR",
    "normativa": 2,
    "created": "2022-02-21T19:11:02.780",
    "updated": "2022-02-21T19:11:02.780"
  }
},
{
  "model": "normas.register_palabraclave",
  "pk": 6,
  "fields": {
    "name": "RESTAURANTES",
    "normativa": 3,
    "created": "2022-02-21T19:11:17.687",
    "updated": "2022-02-21T19:11:17.687"
  }
},
{
  "model": "normas.register_palabraclave",
  "pk": 7,
  "fields": {
    "name": "CASA DE REPOSO",
    "normativa": 5,
    "created": "2022-02-21T19:11:34.960",
    "updated": "2022-02-21T19:11:34.960"
  }
},
{
  "model": "normas.register_palabraclave",
  "pk": 8,
  "fields": {
    "name": "VIVIENDA",
    "normativa": 6,
    "created": "2022-02-21T19:11:48.202",
    "updated": "2022-02-21T19:11:48.202"
  }
},
{
  "model": "normas.register_palabraclave",
  "pk": 9,
  "fields": {
    "name": "RESTAURANTES",
    "normativa": 7,
    "created": "2022-02-21T19:12:01.153",
    "updated": "2022-02-21T19:12:01.153"
  }
},
{
  "model": "normas.register_palabraclave",
  "pk": 10,
  "fields": {
    "name": "VIVIENDA",
    "normativa": 7,
    "created": "2022-02-21T19:12:04.468",
    "updated": "2022-02-21T19:12:04.468"
  }
},
{
  "model": "normas.register_palabraclave",
  "pk": 11,
  "fields": {
    "name": "EDIFICIO",
    "normativa": 10,
    "created": "2022-02-21T19:12:17.715",
    "updated": "2022-02-21T19:12:17.715"
  }
},
{
  "model": "normas.register_palabraclave",
  "pk": 12,
  "fields": {
    "name": "RESTAURANTES",
    "normativa": 10,
    "created": "2022-02-21T19:12:38.486",
    "updated": "2022-02-21T19:12:38.486"
  }
}
]
