[
{
  "model": "admin.logentry",
  "pk": 1,
  "fields": {
    "action_time": "2022-02-28T14:48:04.536",
    "user": 1,
    "content_type": 3,
    "object_id": "1",
    "object_repr": "Gratuito",
    "action_flag": 1,
    "change_message": "[{\"added\": {}}]"
  }
},
{
  "model": "admin.logentry",
  "pk": 2,
  "fields": {
    "action_time": "2022-02-28T14:48:12.190",
    "user": 1,
    "content_type": 3,
    "object_id": "2",
    "object_repr": "Profesional",
    "action_flag": 1,
    "change_message": "[{\"added\": {}}]"
  }
},
{
  "model": "admin.logentry",
  "pk": 3,
  "fields": {
    "action_time": "2022-02-28T14:48:22.747",
    "user": 1,
    "content_type": 3,
    "object_id": "3",
    "object_repr": "Premium",
    "action_flag": 1,
    "change_message": "[{\"added\": {}}]"
  }
},
{
  "model": "admin.logentry",
  "pk": 4,
  "fields": {
    "action_time": "2022-02-28T14:53:56.451",
    "user": 1,
    "content_type": 4,
    "object_id": "1",
    "object_repr": "jesus",
    "action_flag": 2,
    "change_message": "[{\"changed\": {\"fields\": [\"Groups\"]}}]"
  }
},
{
  "model": "admin.logentry",
  "pk": 5,
  "fields": {
    "action_time": "2022-02-28T14:53:56.529",
    "user": 1,
    "content_type": 4,
    "object_id": "1",
    "object_repr": "jesus",
    "action_flag": 2,
    "change_message": "[]"
  }
},
{
  "model": "admin.logentry",
  "pk": 6,
  "fields": {
    "action_time": "2022-02-28T15:32:09.295",
    "user": 1,
    "content_type": 25,
    "object_id": "1",
    "object_repr": "Juan Garcia",
    "action_flag": 1,
    "change_message": "[{\"added\": {}}]"
  }
},
{
  "model": "admin.logentry",
  "pk": 7,
  "fields": {
    "action_time": "2022-02-28T15:57:18.769",
    "user": 1,
    "content_type": 26,
    "object_id": "1",
    "object_repr": "Ser colegiado del CAP.",
    "action_flag": 1,
    "change_message": "[{\"added\": {}}]"
  }
},
{
  "model": "admin.logentry",
  "pk": 8,
  "fields": {
    "action_time": "2022-02-28T15:57:36.496",
    "user": 1,
    "content_type": 26,
    "object_id": "1",
    "object_repr": "Acceso total al Foro",
    "action_flag": 2,
    "change_message": "[{\"changed\": {\"fields\": [\"Beneficios de las membresia\"]}}]"
  }
},
{
  "model": "admin.logentry",
  "pk": 9,
  "fields": {
    "action_time": "2022-02-28T15:57:46.958",
    "user": 1,
    "content_type": 26,
    "object_id": "2",
    "object_repr": "Acceso total a las Normas",
    "action_flag": 1,
    "change_message": "[{\"added\": {}}]"
  }
},
{
  "model": "admin.logentry",
  "pk": 10,
  "fields": {
    "action_time": "2022-02-28T15:57:56.007",
    "user": 1,
    "content_type": 26,
    "object_id": "3",
    "object_repr": "Acceso total a videos de cursos",
    "action_flag": 1,
    "change_message": "[{\"added\": {}}]"
  }
},
{
  "model": "admin.logentry",
  "pk": 11,
  "fields": {
    "action_time": "2022-02-28T15:58:02.617",
    "user": 1,
    "content_type": 26,
    "object_id": "4",
    "object_repr": "Acceso al home",
    "action_flag": 1,
    "change_message": "[{\"added\": {}}]"
  }
},
{
  "model": "admin.logentry",
  "pk": 12,
  "fields": {
    "action_time": "2022-02-28T15:58:40.280",
    "user": 1,
    "content_type": 27,
    "object_id": "1",
    "object_repr": "PNA",
    "action_flag": 1,
    "change_message": "[{\"added\": {}}]"
  }
},
{
  "model": "admin.logentry",
  "pk": 13,
  "fields": {
    "action_time": "2022-02-28T15:59:21.445",
    "user": 1,
    "content_type": 27,
    "object_id": "2",
    "object_repr": "PLPA",
    "action_flag": 1,
    "change_message": "[{\"added\": {}}]"
  }
},
{
  "model": "admin.logentry",
  "pk": 14,
  "fields": {
    "action_time": "2022-02-28T15:59:51.375",
    "user": 1,
    "content_type": 27,
    "object_id": "3",
    "object_repr": "PLPPA",
    "action_flag": 1,
    "change_message": "[{\"added\": {}}]"
  }
},
{
  "model": "admin.logentry",
  "pk": 15,
  "fields": {
    "action_time": "2022-02-28T16:00:44.841",
    "user": 1,
    "content_type": 27,
    "object_id": "2",
    "object_repr": "PLPA",
    "action_flag": 2,
    "change_message": "[{\"changed\": {\"fields\": [\"Price month\", \"Price year\"]}}]"
  }
},
{
  "model": "admin.logentry",
  "pk": 16,
  "fields": {
    "action_time": "2022-02-28T16:01:07.147",
    "user": 1,
    "content_type": 27,
    "object_id": "3",
    "object_repr": "PLPPA",
    "action_flag": 2,
    "change_message": "[{\"changed\": {\"fields\": [\"Price month\", \"Price year\"]}}]"
  }
},
{
  "model": "admin.logentry",
  "pk": 17,
  "fields": {
    "action_time": "2022-02-28T16:01:36.382",
    "user": 1,
    "content_type": 27,
    "object_id": "4",
    "object_repr": "PLPP",
    "action_flag": 1,
    "change_message": "[{\"added\": {}}]"
  }
},
{
  "model": "admin.logentry",
  "pk": 18,
  "fields": {
    "action_time": "2022-02-28T16:17:03.308",
    "user": 1,
    "content_type": 27,
    "object_id": "5",
    "object_repr": "PPPA",
    "action_flag": 1,
    "change_message": "[{\"added\": {}}]"
  }
},
{
  "model": "admin.logentry",
  "pk": 19,
  "fields": {
    "action_time": "2022-02-28T16:17:39.033",
    "user": 1,
    "content_type": 27,
    "object_id": "6",
    "object_repr": "PPPPA",
    "action_flag": 1,
    "change_message": "[{\"added\": {}}]"
  }
},
{
  "model": "admin.logentry",
  "pk": 20,
  "fields": {
    "action_time": "2022-02-28T16:18:00.950",
    "user": 1,
    "content_type": 27,
    "object_id": "7",
    "object_repr": "PPPP",
    "action_flag": 1,
    "change_message": "[{\"added\": {}}]"
  }
},
{
  "model": "admin.logentry",
  "pk": 21,
  "fields": {
    "action_time": "2022-02-28T16:28:23.122",
    "user": 1,
    "content_type": 25,
    "object_id": "2",
    "object_repr": "Alberto Gutierrez",
    "action_flag": 1,
    "change_message": "[{\"added\": {}}]"
  }
},
{
  "model": "admin.logentry",
  "pk": 22,
  "fields": {
    "action_time": "2022-02-28T16:28:41.320",
    "user": 1,
    "content_type": 25,
    "object_id": "3",
    "object_repr": "Antonio Cisneros",
    "action_flag": 1,
    "change_message": "[{\"added\": {}}]"
  }
},
{
  "model": "admin.logentry",
  "pk": 23,
  "fields": {
    "action_time": "2022-02-28T16:29:06.138",
    "user": 1,
    "content_type": 25,
    "object_id": "3",
    "object_repr": "Antonio Cisneros",
    "action_flag": 2,
    "change_message": "[{\"changed\": {\"fields\": [\"\\u00bfEsta habilitado?\", \"\\u00bfEs colegiado?\", \"Documento de Identidad\", \"Fecha de inscripcion\", \"Fecha de caducidad\"]}}]"
  }
},
{
  "model": "admin.logentry",
  "pk": 24,
  "fields": {
    "action_time": "2022-02-28T16:31:03.977",
    "user": 1,
    "content_type": 25,
    "object_id": "4",
    "object_repr": "Carmen Solis",
    "action_flag": 1,
    "change_message": "[{\"added\": {}}]"
  }
},
{
  "model": "admin.logentry",
  "pk": 25,
  "fields": {
    "action_time": "2022-02-28T16:31:47.298",
    "user": 1,
    "content_type": 25,
    "object_id": "5",
    "object_repr": "Diana Vertiz",
    "action_flag": 1,
    "change_message": "[{\"added\": {}}]"
  }
},
{
  "model": "admin.logentry",
  "pk": 26,
  "fields": {
    "action_time": "2022-02-28T16:32:43.626",
    "user": 1,
    "content_type": 25,
    "object_id": "6",
    "object_repr": "Oscar Ramirez",
    "action_flag": 1,
    "change_message": "[{\"added\": {}}]"
  }
},
{
  "model": "admin.logentry",
  "pk": 27,
  "fields": {
    "action_time": "2022-02-28T16:49:46.486",
    "user": 1,
    "content_type": 7,
    "object_id": "1",
    "object_repr": "Nombre completo",
    "action_flag": 2,
    "change_message": "[{\"changed\": {\"fields\": [\"Membership\"]}}]"
  }
},
{
  "model": "admin.logentry",
  "pk": 28,
  "fields": {
    "action_time": "2022-02-28T16:50:15.281",
    "user": 1,
    "content_type": 7,
    "object_id": "1",
    "object_repr": "Nombre completo",
    "action_flag": 2,
    "change_message": "[]"
  }
},
{
  "model": "admin.logentry",
  "pk": 29,
  "fields": {
    "action_time": "2022-02-28T17:06:42.719",
    "user": 1,
    "content_type": 4,
    "object_id": "2",
    "object_repr": "1010",
    "action_flag": 3,
    "change_message": ""
  }
},
{
  "model": "admin.logentry",
  "pk": 30,
  "fields": {
    "action_time": "2022-02-28T17:08:10.752",
    "user": 1,
    "content_type": 7,
    "object_id": "1",
    "object_repr": "jesus jose  suyon",
    "action_flag": 3,
    "change_message": ""
  }
},
{
  "model": "admin.logentry",
  "pk": 31,
  "fields": {
    "action_time": "2022-03-01T09:55:51.693",
    "user": 1,
    "content_type": 7,
    "object_id": "5",
    "object_repr": "antonio  cisneros",
    "action_flag": 2,
    "change_message": "[{\"changed\": {\"fields\": [\"Usuario\"]}}]"
  }
},
{
  "model": "admin.logentry",
  "pk": 32,
  "fields": {
    "action_time": "2022-03-01T09:58:56.022",
    "user": 1,
    "content_type": 7,
    "object_id": "5",
    "object_repr": "antonio  cisneros",
    "action_flag": 2,
    "change_message": "[{\"changed\": {\"fields\": [\"Usuario\"]}}]"
  }
},
{
  "model": "admin.logentry",
  "pk": 33,
  "fields": {
    "action_time": "2022-03-01T09:58:56.065",
    "user": 1,
    "content_type": 7,
    "object_id": "5",
    "object_repr": "antonio  cisneros",
    "action_flag": 2,
    "change_message": "[]"
  }
},
{
  "model": "admin.logentry",
  "pk": 34,
  "fields": {
    "action_time": "2022-03-01T10:00:52.221",
    "user": 1,
    "content_type": 7,
    "object_id": "4",
    "object_repr": "alberto  gutierrez",
    "action_flag": 2,
    "change_message": "[{\"changed\": {\"fields\": [\"Usuario\"]}}]"
  }
},
{
  "model": "admin.logentry",
  "pk": 35,
  "fields": {
    "action_time": "2022-03-01T10:13:12.440",
    "user": 1,
    "content_type": 7,
    "object_id": "5",
    "object_repr": "antonio  cisneros",
    "action_flag": 3,
    "change_message": ""
  }
},
{
  "model": "admin.logentry",
  "pk": 36,
  "fields": {
    "action_time": "2022-03-01T10:13:12.446",
    "user": 1,
    "content_type": 7,
    "object_id": "4",
    "object_repr": "alberto  gutierrez",
    "action_flag": 3,
    "change_message": ""
  }
},
{
  "model": "admin.logentry",
  "pk": 37,
  "fields": {
    "action_time": "2022-03-01T10:13:12.447",
    "user": 1,
    "content_type": 7,
    "object_id": "3",
    "object_repr": "juan  garcia",
    "action_flag": 3,
    "change_message": ""
  }
},
{
  "model": "admin.logentry",
  "pk": 38,
  "fields": {
    "action_time": "2022-03-01T10:13:12.449",
    "user": 1,
    "content_type": 7,
    "object_id": "2",
    "object_repr": "jose eduardo  suyon",
    "action_flag": 3,
    "change_message": ""
  }
},
{
  "model": "admin.logentry",
  "pk": 39,
  "fields": {
    "action_time": "2022-03-01T10:13:32.872",
    "user": 1,
    "content_type": 4,
    "object_id": "4",
    "object_repr": "1000",
    "action_flag": 3,
    "change_message": ""
  }
},
{
  "model": "admin.logentry",
  "pk": 40,
  "fields": {
    "action_time": "2022-03-01T10:13:32.877",
    "user": 1,
    "content_type": 4,
    "object_id": "3",
    "object_repr": "1212",
    "action_flag": 3,
    "change_message": ""
  }
},
{
  "model": "admin.logentry",
  "pk": 41,
  "fields": {
    "action_time": "2022-03-01T10:13:32.879",
    "user": 1,
    "content_type": 4,
    "object_id": "5",
    "object_repr": "2000",
    "action_flag": 3,
    "change_message": ""
  }
},
{
  "model": "admin.logentry",
  "pk": 42,
  "fields": {
    "action_time": "2022-03-01T10:13:32.881",
    "user": 1,
    "content_type": 4,
    "object_id": "6",
    "object_repr": "3000",
    "action_flag": 3,
    "change_message": ""
  }
},
{
  "model": "admin.logentry",
  "pk": 43,
  "fields": {
    "action_time": "2022-03-01T12:06:02.384",
    "user": 1,
    "content_type": 4,
    "object_id": "9",
    "object_repr": "4000",
    "action_flag": 3,
    "change_message": ""
  }
},
{
  "model": "admin.logentry",
  "pk": 44,
  "fields": {
    "action_time": "2022-03-01T13:53:40.673",
    "user": 1,
    "content_type": 7,
    "object_id": "13",
    "object_repr": "ismael  carrillo",
    "action_flag": 3,
    "change_message": ""
  }
},
{
  "model": "admin.logentry",
  "pk": 45,
  "fields": {
    "action_time": "2022-03-01T13:53:53.498",
    "user": 1,
    "content_type": 4,
    "object_id": "14",
    "object_repr": "3030",
    "action_flag": 3,
    "change_message": ""
  }
},
{
  "model": "admin.logentry",
  "pk": 46,
  "fields": {
    "action_time": "2022-03-01T13:56:02.338",
    "user": 1,
    "content_type": 7,
    "object_id": "14",
    "object_repr": "ismael  tarrillo",
    "action_flag": 3,
    "change_message": ""
  }
},
{
  "model": "admin.logentry",
  "pk": 47,
  "fields": {
    "action_time": "2022-03-01T13:56:02.344",
    "user": 1,
    "content_type": 7,
    "object_id": "12",
    "object_repr": "Caro  pineda",
    "action_flag": 3,
    "change_message": ""
  }
},
{
  "model": "admin.logentry",
  "pk": 48,
  "fields": {
    "action_time": "2022-03-01T13:56:02.346",
    "user": 1,
    "content_type": 7,
    "object_id": "11",
    "object_repr": "miguel  Torres d",
    "action_flag": 3,
    "change_message": ""
  }
},
{
  "model": "admin.logentry",
  "pk": 49,
  "fields": {
    "action_time": "2022-03-01T13:56:02.347",
    "user": 1,
    "content_type": 7,
    "object_id": "10",
    "object_repr": "Diana  Vertiz",
    "action_flag": 3,
    "change_message": ""
  }
},
{
  "model": "admin.logentry",
  "pk": 50,
  "fields": {
    "action_time": "2022-03-01T13:56:02.348",
    "user": 1,
    "content_type": 7,
    "object_id": "9",
    "object_repr": "Carmen  Solis",
    "action_flag": 3,
    "change_message": ""
  }
},
{
  "model": "admin.logentry",
  "pk": 51,
  "fields": {
    "action_time": "2022-03-01T13:56:02.350",
    "user": 1,
    "content_type": 7,
    "object_id": "7",
    "object_repr": "Alberto  gutierrez",
    "action_flag": 3,
    "change_message": ""
  }
},
{
  "model": "admin.logentry",
  "pk": 52,
  "fields": {
    "action_time": "2022-03-01T13:56:02.351",
    "user": 1,
    "content_type": 7,
    "object_id": "6",
    "object_repr": "juan  garcia",
    "action_flag": 3,
    "change_message": ""
  }
},
{
  "model": "admin.logentry",
  "pk": 53,
  "fields": {
    "action_time": "2022-03-01T13:56:16.822",
    "user": 1,
    "content_type": 4,
    "object_id": "7",
    "object_repr": "1000",
    "action_flag": 3,
    "change_message": ""
  }
},
{
  "model": "admin.logentry",
  "pk": 54,
  "fields": {
    "action_time": "2022-03-01T13:56:16.828",
    "user": 1,
    "content_type": 4,
    "object_id": "12",
    "object_repr": "1010",
    "action_flag": 3,
    "change_message": ""
  }
},
{
  "model": "admin.logentry",
  "pk": 55,
  "fields": {
    "action_time": "2022-03-01T13:56:16.830",
    "user": 1,
    "content_type": 4,
    "object_id": "8",
    "object_repr": "2000",
    "action_flag": 3,
    "change_message": ""
  }
},
{
  "model": "admin.logentry",
  "pk": 56,
  "fields": {
    "action_time": "2022-03-01T13:56:16.832",
    "user": 1,
    "content_type": 4,
    "object_id": "13",
    "object_repr": "2020",
    "action_flag": 3,
    "change_message": ""
  }
},
{
  "model": "admin.logentry",
  "pk": 57,
  "fields": {
    "action_time": "2022-03-01T13:56:16.833",
    "user": 1,
    "content_type": 4,
    "object_id": "10",
    "object_repr": "4000",
    "action_flag": 3,
    "change_message": ""
  }
},
{
  "model": "admin.logentry",
  "pk": 58,
  "fields": {
    "action_time": "2022-03-01T13:56:16.835",
    "user": 1,
    "content_type": 4,
    "object_id": "15",
    "object_repr": "4040",
    "action_flag": 3,
    "change_message": ""
  }
},
{
  "model": "admin.logentry",
  "pk": 59,
  "fields": {
    "action_time": "2022-03-01T13:56:16.836",
    "user": 1,
    "content_type": 4,
    "object_id": "11",
    "object_repr": "5000",
    "action_flag": 3,
    "change_message": ""
  }
},
{
  "model": "admin.logentry",
  "pk": 60,
  "fields": {
    "action_time": "2022-03-02T12:54:19.859",
    "user": 1,
    "content_type": 7,
    "object_id": "21",
    "object_repr": "antonio  cisneros",
    "action_flag": 3,
    "change_message": ""
  }
},
{
  "model": "admin.logentry",
  "pk": 61,
  "fields": {
    "action_time": "2022-03-02T12:54:33.408",
    "user": 1,
    "content_type": 4,
    "object_id": "22",
    "object_repr": "3000",
    "action_flag": 3,
    "change_message": ""
  }
},
{
  "model": "admin.logentry",
  "pk": 62,
  "fields": {
    "action_time": "2022-03-02T13:54:15.015",
    "user": 1,
    "content_type": 4,
    "object_id": "23",
    "object_repr": "3000",
    "action_flag": 3,
    "change_message": ""
  }
},
{
  "model": "admin.logentry",
  "pk": 63,
  "fields": {
    "action_time": "2022-03-02T13:54:45.525",
    "user": 1,
    "content_type": 7,
    "object_id": "23",
    "object_repr": "antonio  cisneros",
    "action_flag": 3,
    "change_message": ""
  }
},
{
  "model": "admin.logentry",
  "pk": 64,
  "fields": {
    "action_time": "2022-03-02T14:02:39.092",
    "user": 1,
    "content_type": 7,
    "object_id": "25",
    "object_repr": "antonio  cisneros",
    "action_flag": 3,
    "change_message": ""
  }
},
{
  "model": "admin.logentry",
  "pk": 65,
  "fields": {
    "action_time": "2022-03-02T14:02:39.112",
    "user": 1,
    "content_type": 7,
    "object_id": "22",
    "object_repr": "intruso  desconocido",
    "action_flag": 3,
    "change_message": ""
  }
},
{
  "model": "admin.logentry",
  "pk": 66,
  "fields": {
    "action_time": "2022-03-02T14:02:39.114",
    "user": 1,
    "content_type": 7,
    "object_id": "20",
    "object_repr": "shs2u29  9292i",
    "action_flag": 3,
    "change_message": ""
  }
},
{
  "model": "admin.logentry",
  "pk": 67,
  "fields": {
    "action_time": "2022-03-02T14:02:39.116",
    "user": 1,
    "content_type": 7,
    "object_id": "19",
    "object_repr": "1787u  8278ujnsjkn",
    "action_flag": 3,
    "change_message": ""
  }
},
{
  "model": "admin.logentry",
  "pk": 68,
  "fields": {
    "action_time": "2022-03-02T14:03:05.526",
    "user": 1,
    "content_type": 4,
    "object_id": "16",
    "object_repr": "1000",
    "action_flag": 3,
    "change_message": ""
  }
},
{
  "model": "admin.logentry",
  "pk": 69,
  "fields": {
    "action_time": "2022-03-02T14:03:05.531",
    "user": 1,
    "content_type": 4,
    "object_id": "20",
    "object_repr": "10001000",
    "action_flag": 3,
    "change_message": ""
  }
},
{
  "model": "admin.logentry",
  "pk": 70,
  "fields": {
    "action_time": "2022-03-02T14:03:05.534",
    "user": 1,
    "content_type": 4,
    "object_id": "21",
    "object_repr": "6000",
    "action_flag": 3,
    "change_message": ""
  }
},
{
  "model": "admin.logentry",
  "pk": 71,
  "fields": {
    "action_time": "2022-03-02T14:03:53.062",
    "user": 1,
    "content_type": 4,
    "object_id": "25",
    "object_repr": "3000",
    "action_flag": 3,
    "change_message": ""
  }
},
{
  "model": "admin.logentry",
  "pk": 72,
  "fields": {
    "action_time": "2022-03-02T14:05:36.959",
    "user": 1,
    "content_type": 4,
    "object_id": "18",
    "object_repr": "1010",
    "action_flag": 3,
    "change_message": ""
  }
},
{
  "model": "admin.logentry",
  "pk": 73,
  "fields": {
    "action_time": "2022-03-02T14:05:36.979",
    "user": 1,
    "content_type": 4,
    "object_id": "19",
    "object_repr": "2000",
    "action_flag": 3,
    "change_message": ""
  }
},
{
  "model": "admin.logentry",
  "pk": 74,
  "fields": {
    "action_time": "2022-03-02T14:05:36.980",
    "user": 1,
    "content_type": 4,
    "object_id": "17",
    "object_repr": "4000",
    "action_flag": 3,
    "change_message": ""
  }
},
{
  "model": "admin.logentry",
  "pk": 75,
  "fields": {
    "action_time": "2022-03-02T14:17:38.370",
    "user": 1,
    "content_type": 4,
    "object_id": "26",
    "object_repr": "18181818",
    "action_flag": 3,
    "change_message": ""
  }
},
{
  "model": "admin.logentry",
  "pk": 76,
  "fields": {
    "action_time": "2022-03-02T16:56:25.856",
    "user": 1,
    "content_type": 16,
    "object_id": "1",
    "object_repr": "vivienda",
    "action_flag": 1,
    "change_message": "[{\"added\": {}}]"
  }
},
{
  "model": "admin.logentry",
  "pk": 77,
  "fields": {
    "action_time": "2022-03-02T16:56:31.951",
    "user": 1,
    "content_type": 16,
    "object_id": "2",
    "object_repr": "restaurantes",
    "action_flag": 1,
    "change_message": "[{\"added\": {}}]"
  }
},
{
  "model": "admin.logentry",
  "pk": 78,
  "fields": {
    "action_time": "2022-03-02T16:56:58.793",
    "user": 1,
    "content_type": 17,
    "object_id": "1",
    "object_repr": "1.1 viviendas nuevas",
    "action_flag": 1,
    "change_message": "[{\"added\": {}}]"
  }
},
{
  "model": "admin.logentry",
  "pk": 79,
  "fields": {
    "action_time": "2022-03-02T16:57:40.284",
    "user": 1,
    "content_type": 20,
    "object_id": "1",
    "object_repr": "1.2 del monton",
    "action_flag": 1,
    "change_message": "[{\"added\": {}}]"
  }
},
{
  "model": "auth.permission",
  "pk": 1,
  "fields": {
    "name": "Can add log entry",
    "content_type": 1,
    "codename": "add_logentry"
  }
},
{
  "model": "auth.permission",
  "pk": 2,
  "fields": {
    "name": "Can change log entry",
    "content_type": 1,
    "codename": "change_logentry"
  }
},
{
  "model": "auth.permission",
  "pk": 3,
  "fields": {
    "name": "Can delete log entry",
    "content_type": 1,
    "codename": "delete_logentry"
  }
},
{
  "model": "auth.permission",
  "pk": 4,
  "fields": {
    "name": "Can view log entry",
    "content_type": 1,
    "codename": "view_logentry"
  }
},
{
  "model": "auth.permission",
  "pk": 5,
  "fields": {
    "name": "Can add permission",
    "content_type": 2,
    "codename": "add_permission"
  }
},
{
  "model": "auth.permission",
  "pk": 6,
  "fields": {
    "name": "Can change permission",
    "content_type": 2,
    "codename": "change_permission"
  }
},
{
  "model": "auth.permission",
  "pk": 7,
  "fields": {
    "name": "Can delete permission",
    "content_type": 2,
    "codename": "delete_permission"
  }
},
{
  "model": "auth.permission",
  "pk": 8,
  "fields": {
    "name": "Can view permission",
    "content_type": 2,
    "codename": "view_permission"
  }
},
{
  "model": "auth.permission",
  "pk": 9,
  "fields": {
    "name": "Can add group",
    "content_type": 3,
    "codename": "add_group"
  }
},
{
  "model": "auth.permission",
  "pk": 10,
  "fields": {
    "name": "Can change group",
    "content_type": 3,
    "codename": "change_group"
  }
},
{
  "model": "auth.permission",
  "pk": 11,
  "fields": {
    "name": "Can delete group",
    "content_type": 3,
    "codename": "delete_group"
  }
},
{
  "model": "auth.permission",
  "pk": 12,
  "fields": {
    "name": "Can view group",
    "content_type": 3,
    "codename": "view_group"
  }
},
{
  "model": "auth.permission",
  "pk": 13,
  "fields": {
    "name": "Can add user",
    "content_type": 4,
    "codename": "add_user"
  }
},
{
  "model": "auth.permission",
  "pk": 14,
  "fields": {
    "name": "Can change user",
    "content_type": 4,
    "codename": "change_user"
  }
},
{
  "model": "auth.permission",
  "pk": 15,
  "fields": {
    "name": "Can delete user",
    "content_type": 4,
    "codename": "delete_user"
  }
},
{
  "model": "auth.permission",
  "pk": 16,
  "fields": {
    "name": "Can view user",
    "content_type": 4,
    "codename": "view_user"
  }
},
{
  "model": "auth.permission",
  "pk": 17,
  "fields": {
    "name": "Can add content type",
    "content_type": 5,
    "codename": "add_contenttype"
  }
},
{
  "model": "auth.permission",
  "pk": 18,
  "fields": {
    "name": "Can change content type",
    "content_type": 5,
    "codename": "change_contenttype"
  }
},
{
  "model": "auth.permission",
  "pk": 19,
  "fields": {
    "name": "Can delete content type",
    "content_type": 5,
    "codename": "delete_contenttype"
  }
},
{
  "model": "auth.permission",
  "pk": 20,
  "fields": {
    "name": "Can view content type",
    "content_type": 5,
    "codename": "view_contenttype"
  }
},
{
  "model": "auth.permission",
  "pk": 21,
  "fields": {
    "name": "Can add session",
    "content_type": 6,
    "codename": "add_session"
  }
},
{
  "model": "auth.permission",
  "pk": 22,
  "fields": {
    "name": "Can change session",
    "content_type": 6,
    "codename": "change_session"
  }
},
{
  "model": "auth.permission",
  "pk": 23,
  "fields": {
    "name": "Can delete session",
    "content_type": 6,
    "codename": "delete_session"
  }
},
{
  "model": "auth.permission",
  "pk": 24,
  "fields": {
    "name": "Can view session",
    "content_type": 6,
    "codename": "view_session"
  }
},
{
  "model": "auth.permission",
  "pk": 25,
  "fields": {
    "name": "Can add member",
    "content_type": 7,
    "codename": "add_member"
  }
},
{
  "model": "auth.permission",
  "pk": 26,
  "fields": {
    "name": "Can change member",
    "content_type": 7,
    "codename": "change_member"
  }
},
{
  "model": "auth.permission",
  "pk": 27,
  "fields": {
    "name": "Can delete member",
    "content_type": 7,
    "codename": "delete_member"
  }
},
{
  "model": "auth.permission",
  "pk": 28,
  "fields": {
    "name": "Can view member",
    "content_type": 7,
    "codename": "view_member"
  }
},
{
  "model": "auth.permission",
  "pk": 29,
  "fields": {
    "name": "Can add plan",
    "content_type": 8,
    "codename": "add_plan"
  }
},
{
  "model": "auth.permission",
  "pk": 30,
  "fields": {
    "name": "Can change plan",
    "content_type": 8,
    "codename": "change_plan"
  }
},
{
  "model": "auth.permission",
  "pk": 31,
  "fields": {
    "name": "Can delete plan",
    "content_type": 8,
    "codename": "delete_plan"
  }
},
{
  "model": "auth.permission",
  "pk": 32,
  "fields": {
    "name": "Can view plan",
    "content_type": 8,
    "codename": "view_plan"
  }
},
{
  "model": "auth.permission",
  "pk": 33,
  "fields": {
    "name": "Can add user token",
    "content_type": 9,
    "codename": "add_usertoken"
  }
},
{
  "model": "auth.permission",
  "pk": 34,
  "fields": {
    "name": "Can change user token",
    "content_type": 9,
    "codename": "change_usertoken"
  }
},
{
  "model": "auth.permission",
  "pk": 35,
  "fields": {
    "name": "Can delete user token",
    "content_type": 9,
    "codename": "delete_usertoken"
  }
},
{
  "model": "auth.permission",
  "pk": 36,
  "fields": {
    "name": "Can view user token",
    "content_type": 9,
    "codename": "view_usertoken"
  }
},
{
  "model": "auth.permission",
  "pk": 37,
  "fields": {
    "name": "Can add policies_usage",
    "content_type": 10,
    "codename": "add_policies_usage"
  }
},
{
  "model": "auth.permission",
  "pk": 38,
  "fields": {
    "name": "Can change policies_usage",
    "content_type": 10,
    "codename": "change_policies_usage"
  }
},
{
  "model": "auth.permission",
  "pk": 39,
  "fields": {
    "name": "Can delete policies_usage",
    "content_type": 10,
    "codename": "delete_policies_usage"
  }
},
{
  "model": "auth.permission",
  "pk": 40,
  "fields": {
    "name": "Can view policies_usage",
    "content_type": 10,
    "codename": "view_policies_usage"
  }
},
{
  "model": "auth.permission",
  "pk": 41,
  "fields": {
    "name": "Can add control_payment",
    "content_type": 11,
    "codename": "add_control_payment"
  }
},
{
  "model": "auth.permission",
  "pk": 42,
  "fields": {
    "name": "Can change control_payment",
    "content_type": 11,
    "codename": "change_control_payment"
  }
},
{
  "model": "auth.permission",
  "pk": 43,
  "fields": {
    "name": "Can delete control_payment",
    "content_type": 11,
    "codename": "delete_control_payment"
  }
},
{
  "model": "auth.permission",
  "pk": 44,
  "fields": {
    "name": "Can view control_payment",
    "content_type": 11,
    "codename": "view_control_payment"
  }
},
{
  "model": "auth.permission",
  "pk": 45,
  "fields": {
    "name": "Can add categories_foro",
    "content_type": 12,
    "codename": "add_categories_foro"
  }
},
{
  "model": "auth.permission",
  "pk": 46,
  "fields": {
    "name": "Can change categories_foro",
    "content_type": 12,
    "codename": "change_categories_foro"
  }
},
{
  "model": "auth.permission",
  "pk": 47,
  "fields": {
    "name": "Can delete categories_foro",
    "content_type": 12,
    "codename": "delete_categories_foro"
  }
},
{
  "model": "auth.permission",
  "pk": 48,
  "fields": {
    "name": "Can view categories_foro",
    "content_type": 12,
    "codename": "view_categories_foro"
  }
},
{
  "model": "auth.permission",
  "pk": 49,
  "fields": {
    "name": "Can add subcategories_foro",
    "content_type": 13,
    "codename": "add_subcategories_foro"
  }
},
{
  "model": "auth.permission",
  "pk": 50,
  "fields": {
    "name": "Can change subcategories_foro",
    "content_type": 13,
    "codename": "change_subcategories_foro"
  }
},
{
  "model": "auth.permission",
  "pk": 51,
  "fields": {
    "name": "Can delete subcategories_foro",
    "content_type": 13,
    "codename": "delete_subcategories_foro"
  }
},
{
  "model": "auth.permission",
  "pk": 52,
  "fields": {
    "name": "Can view subcategories_foro",
    "content_type": 13,
    "codename": "view_subcategories_foro"
  }
},
{
  "model": "auth.permission",
  "pk": 53,
  "fields": {
    "name": "Can add themas_foro",
    "content_type": 14,
    "codename": "add_themas_foro"
  }
},
{
  "model": "auth.permission",
  "pk": 54,
  "fields": {
    "name": "Can change themas_foro",
    "content_type": 14,
    "codename": "change_themas_foro"
  }
},
{
  "model": "auth.permission",
  "pk": 55,
  "fields": {
    "name": "Can delete themas_foro",
    "content_type": 14,
    "codename": "delete_themas_foro"
  }
},
{
  "model": "auth.permission",
  "pk": 56,
  "fields": {
    "name": "Can view themas_foro",
    "content_type": 14,
    "codename": "view_themas_foro"
  }
},
{
  "model": "auth.permission",
  "pk": 57,
  "fields": {
    "name": "Can add coments_foro",
    "content_type": 15,
    "codename": "add_coments_foro"
  }
},
{
  "model": "auth.permission",
  "pk": 58,
  "fields": {
    "name": "Can change coments_foro",
    "content_type": 15,
    "codename": "change_coments_foro"
  }
},
{
  "model": "auth.permission",
  "pk": 59,
  "fields": {
    "name": "Can delete coments_foro",
    "content_type": 15,
    "codename": "delete_coments_foro"
  }
},
{
  "model": "auth.permission",
  "pk": 60,
  "fields": {
    "name": "Can view coments_foro",
    "content_type": 15,
    "codename": "view_coments_foro"
  }
},
{
  "model": "auth.permission",
  "pk": 61,
  "fields": {
    "name": "Can add areas_ normas",
    "content_type": 16,
    "codename": "add_areas_normas"
  }
},
{
  "model": "auth.permission",
  "pk": 62,
  "fields": {
    "name": "Can change areas_ normas",
    "content_type": 16,
    "codename": "change_areas_normas"
  }
},
{
  "model": "auth.permission",
  "pk": 63,
  "fields": {
    "name": "Can delete areas_ normas",
    "content_type": 16,
    "codename": "delete_areas_normas"
  }
},
{
  "model": "auth.permission",
  "pk": 64,
  "fields": {
    "name": "Can view areas_ normas",
    "content_type": 16,
    "codename": "view_areas_normas"
  }
},
{
  "model": "auth.permission",
  "pk": 65,
  "fields": {
    "name": "Can add categories_ normas",
    "content_type": 17,
    "codename": "add_categories_normas"
  }
},
{
  "model": "auth.permission",
  "pk": 66,
  "fields": {
    "name": "Can change categories_ normas",
    "content_type": 17,
    "codename": "change_categories_normas"
  }
},
{
  "model": "auth.permission",
  "pk": 67,
  "fields": {
    "name": "Can delete categories_ normas",
    "content_type": 17,
    "codename": "delete_categories_normas"
  }
},
{
  "model": "auth.permission",
  "pk": 68,
  "fields": {
    "name": "Can view categories_ normas",
    "content_type": 17,
    "codename": "view_categories_normas"
  }
},
{
  "model": "auth.permission",
  "pk": 69,
  "fields": {
    "name": "Can add location_ normas",
    "content_type": 18,
    "codename": "add_location_normas"
  }
},
{
  "model": "auth.permission",
  "pk": 70,
  "fields": {
    "name": "Can change location_ normas",
    "content_type": 18,
    "codename": "change_location_normas"
  }
},
{
  "model": "auth.permission",
  "pk": 71,
  "fields": {
    "name": "Can delete location_ normas",
    "content_type": 18,
    "codename": "delete_location_normas"
  }
},
{
  "model": "auth.permission",
  "pk": 72,
  "fields": {
    "name": "Can view location_ normas",
    "content_type": 18,
    "codename": "view_location_normas"
  }
},
{
  "model": "auth.permission",
  "pk": 73,
  "fields": {
    "name": "Can add register_ normativa",
    "content_type": 19,
    "codename": "add_register_normativa"
  }
},
{
  "model": "auth.permission",
  "pk": 74,
  "fields": {
    "name": "Can change register_ normativa",
    "content_type": 19,
    "codename": "change_register_normativa"
  }
},
{
  "model": "auth.permission",
  "pk": 75,
  "fields": {
    "name": "Can delete register_ normativa",
    "content_type": 19,
    "codename": "delete_register_normativa"
  }
},
{
  "model": "auth.permission",
  "pk": 76,
  "fields": {
    "name": "Can view register_ normativa",
    "content_type": 19,
    "codename": "view_register_normativa"
  }
},
{
  "model": "auth.permission",
  "pk": 77,
  "fields": {
    "name": "Can add subcategories_ normas",
    "content_type": 20,
    "codename": "add_subcategories_normas"
  }
},
{
  "model": "auth.permission",
  "pk": 78,
  "fields": {
    "name": "Can change subcategories_ normas",
    "content_type": 20,
    "codename": "change_subcategories_normas"
  }
},
{
  "model": "auth.permission",
  "pk": 79,
  "fields": {
    "name": "Can delete subcategories_ normas",
    "content_type": 20,
    "codename": "delete_subcategories_normas"
  }
},
{
  "model": "auth.permission",
  "pk": 80,
  "fields": {
    "name": "Can view subcategories_ normas",
    "content_type": 20,
    "codename": "view_subcategories_normas"
  }
},
{
  "model": "auth.permission",
  "pk": 81,
  "fields": {
    "name": "Can add sub normativa",
    "content_type": 21,
    "codename": "add_subnormativa"
  }
},
{
  "model": "auth.permission",
  "pk": 82,
  "fields": {
    "name": "Can change sub normativa",
    "content_type": 21,
    "codename": "change_subnormativa"
  }
},
{
  "model": "auth.permission",
  "pk": 83,
  "fields": {
    "name": "Can delete sub normativa",
    "content_type": 21,
    "codename": "delete_subnormativa"
  }
},
{
  "model": "auth.permission",
  "pk": 84,
  "fields": {
    "name": "Can view sub normativa",
    "content_type": 21,
    "codename": "view_subnormativa"
  }
},
{
  "model": "auth.permission",
  "pk": 85,
  "fields": {
    "name": "Can add register_ palabraclave",
    "content_type": 22,
    "codename": "add_register_palabraclave"
  }
},
{
  "model": "auth.permission",
  "pk": 86,
  "fields": {
    "name": "Can change register_ palabraclave",
    "content_type": 22,
    "codename": "change_register_palabraclave"
  }
},
{
  "model": "auth.permission",
  "pk": 87,
  "fields": {
    "name": "Can delete register_ palabraclave",
    "content_type": 22,
    "codename": "delete_register_palabraclave"
  }
},
{
  "model": "auth.permission",
  "pk": 88,
  "fields": {
    "name": "Can view register_ palabraclave",
    "content_type": 22,
    "codename": "view_register_palabraclave"
  }
},
{
  "model": "auth.permission",
  "pk": 89,
  "fields": {
    "name": "Can add master_ normas",
    "content_type": 23,
    "codename": "add_master_normas"
  }
},
{
  "model": "auth.permission",
  "pk": 90,
  "fields": {
    "name": "Can change master_ normas",
    "content_type": 23,
    "codename": "change_master_normas"
  }
},
{
  "model": "auth.permission",
  "pk": 91,
  "fields": {
    "name": "Can delete master_ normas",
    "content_type": 23,
    "codename": "delete_master_normas"
  }
},
{
  "model": "auth.permission",
  "pk": 92,
  "fields": {
    "name": "Can view master_ normas",
    "content_type": 23,
    "codename": "view_master_normas"
  }
},
{
  "model": "auth.permission",
  "pk": 93,
  "fields": {
    "name": "Can add date_normativa",
    "content_type": 24,
    "codename": "add_date_normativa"
  }
},
{
  "model": "auth.permission",
  "pk": 94,
  "fields": {
    "name": "Can change date_normativa",
    "content_type": 24,
    "codename": "change_date_normativa"
  }
},
{
  "model": "auth.permission",
  "pk": 95,
  "fields": {
    "name": "Can delete date_normativa",
    "content_type": 24,
    "codename": "delete_date_normativa"
  }
},
{
  "model": "auth.permission",
  "pk": 96,
  "fields": {
    "name": "Can view date_normativa",
    "content_type": 24,
    "codename": "view_date_normativa"
  }
},
{
  "model": "auth.permission",
  "pk": 97,
  "fields": {
    "name": "Can add api member",
    "content_type": 25,
    "codename": "add_apimember"
  }
},
{
  "model": "auth.permission",
  "pk": 98,
  "fields": {
    "name": "Can change api member",
    "content_type": 25,
    "codename": "change_apimember"
  }
},
{
  "model": "auth.permission",
  "pk": 99,
  "fields": {
    "name": "Can delete api member",
    "content_type": 25,
    "codename": "delete_apimember"
  }
},
{
  "model": "auth.permission",
  "pk": 100,
  "fields": {
    "name": "Can view api member",
    "content_type": 25,
    "codename": "view_apimember"
  }
},
{
  "model": "auth.permission",
  "pk": 101,
  "fields": {
    "name": "Can add membership benefits",
    "content_type": 26,
    "codename": "add_membershipbenefits"
  }
},
{
  "model": "auth.permission",
  "pk": 102,
  "fields": {
    "name": "Can change membership benefits",
    "content_type": 26,
    "codename": "change_membershipbenefits"
  }
},
{
  "model": "auth.permission",
  "pk": 103,
  "fields": {
    "name": "Can delete membership benefits",
    "content_type": 26,
    "codename": "delete_membershipbenefits"
  }
},
{
  "model": "auth.permission",
  "pk": 104,
  "fields": {
    "name": "Can view membership benefits",
    "content_type": 26,
    "codename": "view_membershipbenefits"
  }
},
{
  "model": "auth.permission",
  "pk": 105,
  "fields": {
    "name": "Can add membership",
    "content_type": 27,
    "codename": "add_membership"
  }
},
{
  "model": "auth.permission",
  "pk": 106,
  "fields": {
    "name": "Can change membership",
    "content_type": 27,
    "codename": "change_membership"
  }
},
{
  "model": "auth.permission",
  "pk": 107,
  "fields": {
    "name": "Can delete membership",
    "content_type": 27,
    "codename": "delete_membership"
  }
},
{
  "model": "auth.permission",
  "pk": 108,
  "fields": {
    "name": "Can view membership",
    "content_type": 27,
    "codename": "view_membership"
  }
},
{
  "model": "auth.group",
  "pk": 1,
  "fields": {
    "name": "Gratuito",
    "permissions": []
  }
},
{
  "model": "auth.group",
  "pk": 2,
  "fields": {
    "name": "Profesional",
    "permissions": []
  }
},
{
  "model": "auth.group",
  "pk": 3,
  "fields": {
    "name": "Premium",
    "permissions": []
  }
},
{
  "model": "auth.user",
  "pk": 1,
  "fields": {
    "password": "pbkdf2_sha256$260000$QYFMSqeUJ8t7t7JbZeGpnp$8g+NQGLCGVSkg5Wu5jtb1FRr4gAjQlPvFCMdOLJbWCY=",
    "last_login": "2022-03-01T15:21:35.182",
    "is_superuser": true,
    "username": "jesus",
    "first_name": "",
    "last_name": "",
    "email": "",
    "is_staff": true,
    "is_active": true,
    "date_joined": "2022-02-28T14:46:05",
    "groups": [
      3
    ],
    "user_permissions": []
  }
},
{
  "model": "auth.user",
  "pk": 27,
  "fields": {
    "password": "pbkdf2_sha256$260000$W81EcD2j5YxK2IyE8MdHgZ$ktoOANjQzGC1sCfHZpjBUGg4y2YqbtJGK/eeU3fOOyc=",
    "last_login": "2022-03-02T15:34:31.131",
    "is_superuser": false,
    "username": "1000",
    "first_name": "",
    "last_name": "garcia",
    "email": "juan@gmail.com",
    "is_staff": false,
    "is_active": true,
    "date_joined": "2022-03-02T14:16:25.135",
    "groups": [],
    "user_permissions": []
  }
},
{
  "model": "auth.user",
  "pk": 28,
  "fields": {
    "password": "pbkdf2_sha256$260000$JSrFSQbuiWRySbKf9WtvQc$84hhGscHQLvydI3ebUtoppjHJbEqfOBg4wsSgpdmbdU=",
    "last_login": "2022-03-02T14:21:34.409",
    "is_superuser": false,
    "username": "4000",
    "first_name": "",
    "last_name": "solis",
    "email": "carmen@gmail.com",
    "is_staff": false,
    "is_active": true,
    "date_joined": "2022-03-02T14:20:52.334",
    "groups": [],
    "user_permissions": []
  }
},
{
  "model": "auth.user",
  "pk": 29,
  "fields": {
    "password": "pbkdf2_sha256$260000$gky5zzm5v34sgD5Z9owDcf$vJCISELov8DIh/vV+L22vyeT++wBupYPy0r+HkoAoCA=",
    "last_login": "2022-03-02T14:23:15.955",
    "is_superuser": false,
    "username": "6000",
    "first_name": "",
    "last_name": "ramirez",
    "email": "oscar@gmail.com",
    "is_staff": false,
    "is_active": true,
    "date_joined": "2022-03-02T14:22:55.602",
    "groups": [],
    "user_permissions": []
  }
},
{
  "model": "auth.user",
  "pk": 30,
  "fields": {
    "password": "pbkdf2_sha256$260000$htiYGA3mQey7kPrC8twkoy$dRXkjVqaobwsA+5x/gegbJAG4EDeyFDu5iLyK9OdBRU=",
    "last_login": "2022-03-02T14:34:16.156",
    "is_superuser": false,
    "username": "10002000",
    "first_name": "",
    "last_name": "desconocido",
    "email": "intruso@gmail.com",
    "is_staff": false,
    "is_active": true,
    "date_joined": "2022-03-02T14:26:52.188",
    "groups": [],
    "user_permissions": []
  }
},
{
  "model": "auth.user",
  "pk": 31,
  "fields": {
    "password": "pbkdf2_sha256$260000$NSQerGpgGk7y27RTNmNREy$ft+Tr8trNL0Fa7WR//jOLC7KurhHoFXmZCjBZVvYhC4=",
    "last_login": "2022-03-02T14:36:30.180",
    "is_superuser": false,
    "username": "10102020",
    "first_name": "",
    "last_name": "carmona",
    "email": "pepito@gmail.com",
    "is_staff": false,
    "is_active": true,
    "date_joined": "2022-03-02T14:36:17.902",
    "groups": [],
    "user_permissions": []
  }
},
{
  "model": "auth.user",
  "pk": 32,
  "fields": {
    "password": "pbkdf2_sha256$260000$jZa6bxxelCM1X9LjXKnP4T$s9JH03smonfysWzxiM/vECSZjj4u3WFA+p/jQ5TFx3U=",
    "last_login": "2022-03-02T17:39:25.079",
    "is_superuser": false,
    "username": "30303030",
    "first_name": "",
    "last_name": "juanitoappll",
    "email": "juanito@gmail.com",
    "is_staff": false,
    "is_active": true,
    "date_joined": "2022-03-02T17:38:49.955",
    "groups": [],
    "user_permissions": []
  }
},
{
  "model": "auth.user",
  "pk": 33,
  "fields": {
    "password": "pbkdf2_sha256$260000$EWSkNnpU8Qa8pemk5853s3$G67pKnQpSylnSTohQQ1q1o770vp3r06IPTmIcoQ9ARE=",
    "last_login": "2022-03-02T17:42:44.888",
    "is_superuser": false,
    "username": "73388157",
    "first_name": "",
    "last_name": "suyon",
    "email": "suyon.jesus@gmail.com",
    "is_staff": false,
    "is_active": true,
    "date_joined": "2022-03-02T17:42:23.804",
    "groups": [],
    "user_permissions": []
  }
},
{
  "model": "contenttypes.contenttype",
  "pk": 1,
  "fields": {
    "app_label": "admin",
    "model": "logentry"
  }
},
{
  "model": "contenttypes.contenttype",
  "pk": 2,
  "fields": {
    "app_label": "auth",
    "model": "permission"
  }
},
{
  "model": "contenttypes.contenttype",
  "pk": 3,
  "fields": {
    "app_label": "auth",
    "model": "group"
  }
},
{
  "model": "contenttypes.contenttype",
  "pk": 4,
  "fields": {
    "app_label": "auth",
    "model": "user"
  }
},
{
  "model": "contenttypes.contenttype",
  "pk": 5,
  "fields": {
    "app_label": "contenttypes",
    "model": "contenttype"
  }
},
{
  "model": "contenttypes.contenttype",
  "pk": 6,
  "fields": {
    "app_label": "sessions",
    "model": "session"
  }
},
{
  "model": "contenttypes.contenttype",
  "pk": 7,
  "fields": {
    "app_label": "apps",
    "model": "member"
  }
},
{
  "model": "contenttypes.contenttype",
  "pk": 8,
  "fields": {
    "app_label": "apps",
    "model": "plan"
  }
},
{
  "model": "contenttypes.contenttype",
  "pk": 9,
  "fields": {
    "app_label": "apps",
    "model": "usertoken"
  }
},
{
  "model": "contenttypes.contenttype",
  "pk": 10,
  "fields": {
    "app_label": "apps",
    "model": "policies_usage"
  }
},
{
  "model": "contenttypes.contenttype",
  "pk": 11,
  "fields": {
    "app_label": "apps",
    "model": "control_payment"
  }
},
{
  "model": "contenttypes.contenttype",
  "pk": 12,
  "fields": {
    "app_label": "foro",
    "model": "categories_foro"
  }
},
{
  "model": "contenttypes.contenttype",
  "pk": 13,
  "fields": {
    "app_label": "foro",
    "model": "subcategories_foro"
  }
},
{
  "model": "contenttypes.contenttype",
  "pk": 14,
  "fields": {
    "app_label": "foro",
    "model": "themas_foro"
  }
},
{
  "model": "contenttypes.contenttype",
  "pk": 15,
  "fields": {
    "app_label": "foro",
    "model": "coments_foro"
  }
},
{
  "model": "contenttypes.contenttype",
  "pk": 16,
  "fields": {
    "app_label": "normas",
    "model": "areas_normas"
  }
},
{
  "model": "contenttypes.contenttype",
  "pk": 17,
  "fields": {
    "app_label": "normas",
    "model": "categories_normas"
  }
},
{
  "model": "contenttypes.contenttype",
  "pk": 18,
  "fields": {
    "app_label": "normas",
    "model": "location_normas"
  }
},
{
  "model": "contenttypes.contenttype",
  "pk": 19,
  "fields": {
    "app_label": "normas",
    "model": "register_normativa"
  }
},
{
  "model": "contenttypes.contenttype",
  "pk": 20,
  "fields": {
    "app_label": "normas",
    "model": "subcategories_normas"
  }
},
{
  "model": "contenttypes.contenttype",
  "pk": 21,
  "fields": {
    "app_label": "normas",
    "model": "subnormativa"
  }
},
{
  "model": "contenttypes.contenttype",
  "pk": 22,
  "fields": {
    "app_label": "normas",
    "model": "register_palabraclave"
  }
},
{
  "model": "contenttypes.contenttype",
  "pk": 23,
  "fields": {
    "app_label": "normas",
    "model": "master_normas"
  }
},
{
  "model": "contenttypes.contenttype",
  "pk": 24,
  "fields": {
    "app_label": "bus_normativa",
    "model": "date_normativa"
  }
},
{
  "model": "contenttypes.contenttype",
  "pk": 25,
  "fields": {
    "app_label": "membership",
    "model": "apimember"
  }
},
{
  "model": "contenttypes.contenttype",
  "pk": 26,
  "fields": {
    "app_label": "membership",
    "model": "membershipbenefits"
  }
},
{
  "model": "contenttypes.contenttype",
  "pk": 27,
  "fields": {
    "app_label": "membership",
    "model": "membership"
  }
},
{
  "model": "sessions.session",
  "pk": "7o4twqx4lnof09uzdpwyn8zzg226ptsl",
  "fields": {
    "session_data": ".eJxVjEEOwiAQRe_C2hDAMgWX7j0DmYFBqoYmpV0Z7y5NutDt--_9twi4rSVsjZcwJXERxorTLySMT677kh5Y77OMc12XieSuyGNt8jYnfl0P9--gYCu9jsolGNGig5x1TARqiN6AZs-RybL3BBbsWbmONCrTC6bRMA8ZEojPFxulOHc:1nPU8u:i2HW6HxPQcJgR9uhv43KgxF2onifEPno3gsvvxA5gpc",
    "expire_date": "2022-03-16T13:56:08.470"
  }
},
{
  "model": "sessions.session",
  "pk": "9kr8cyex2kr3ti3e91fupp4bluk6b3fz",
  "fields": {
    "session_data": ".eJxVjEEOwiAQRe_C2hCgQDsu3XsGMgyDVA0kpV0Z765NutDtf-_9lwi4rSVsnZcwJ3EWGsTpd4xID647SXestyap1XWZo9wVedAury3x83K4fwcFe_nWyGlSA0B2MaPVTlvWigiVV0wjuMEbN7JB9IYsQ8reDsA2GXYq8-TF-wMTNDg_:1nP8j9:gfdrNSEZ8U1OSO_l0UNPX_8QN6x-FsqkHv-KOJ1xXcQ",
    "expire_date": "2022-03-15T15:04:07.417"
  }
},
{
  "model": "sessions.session",
  "pk": "aww4x3uc75g36f3pogy06308htg8vom4",
  "fields": {
    "session_data": ".eJxVi0sOwiAQQO_C2jT8Cow7TTwHGQYIRMVG6Mp4d9vEhW7f58U8rqP4taenr5EdmWKHXxaQrqntApelT7tIbVTCUR9tutyx3k4bO3-zv7dgL9sIVmoHYLLlSlMK5KKmkDXOCYwICgwHAshgrNJSglCCwww8BieMjIK9P7HTNRo:1nP1Rg:6J33oGTbsJX6WWrsiYSh2cDmRCJCDuMB7w21FhOZ4lU",
    "expire_date": "2022-03-15T07:17:36.124"
  }
},
{
  "model": "sessions.session",
  "pk": "hxdwik8fcjggd15aw862uxikxdxwfgh0",
  "fields": {
    "session_data": ".eJxVjEsOAiEQBe_C2kwYPkPjThPPQZpPB6LiZGBWxrsriQvdVr16T-Zw79ntLW2uRHZkcmaHX-gxXFMdBte1TUOk2kvAXh51utyx3E4fdv7O_tqMLY9LYzXXZESUPGgSVi2kfACrwyJBGdImEfkZk4JkCECBlxRBUxQkuGCvN99YNnI:1nPUly:KWRnP_FOauBXsOxcPL8mfkIeTQP2D-7OxUeDLxNIaM8",
    "expire_date": "2022-03-16T14:36:30.185"
  }
},
{
  "model": "sessions.session",
  "pk": "ppw6kk815zvk3429p1b7p5nzp434jfyl",
  "fields": {
    "session_data": ".eJxVjDsOwjAQBe_iGlmOvf5R0ucM1np3IQGUSHFSIe4OkVJA-2bmvVTBbR3K1mQpI6uzsladfseK9JBpJ3zH6TZrmqd1GaveFX3QpvuZ5Xk53L-DAdvwrT2i76iKM9YkTOJi6BgBMwH4FJCdIYkAETobxGWuFa8ZEmWmSI7V-wMHyzhg:1nPSli:XqhQRheq40syla4Tt4QW2fyMnS-eLetEQdLkGBYu1OI",
    "expire_date": "2022-03-16T12:28:06.964"
  }
},
{
  "model": "sessions.session",
  "pk": "rj5rho5dlnhh51yvt70nv1j2wq3fx83y",
  "fields": {
    "session_data": ".eJxVi0sOwiAQQO_C2jTAAC3uNPEcZBiGQNTaCF0Z726buNDt-7xEwLWXsDZ-hprEUQCIwy-MSFeed4PL0oZd8NwrYa-Pebjcsd5OGzt_s7-3YCvbqGhMLLOK0jjtfZ5QG0qWPbCMDGSlk6DBEbjRmeRy9CoTyTRZRWy0eH8A8HY2bw:1nPXgC:POYr1v_Bss-rsMWmj8kNZ68N3y9dPbFx0Tym702C-eQ",
    "expire_date": "2022-03-16T17:42:44.893"
  }
},
{
  "model": "sessions.session",
  "pk": "s4borvi4dnwc8sz9gep96tt538wtofml",
  "fields": {
    "session_data": ".eJxVjDsOwjAUBO_iGlm24i8lPWew3tovOIAcKU4qxN0hUgpod2b2JRJta01b5yVNRZyFFqffDZQf3HZQ7tRus8xzW5cJclfkQbu8zoWfl8P9O6jU67c2FlAxODdyATI4WPJZOUahAUo7Y4Nmb3JUUKO3GDSsgdPFeCITxfsDAmY4VA:1nP903:fvsI-OMRAgHcUQWJBZnsr7iHZlNo2Nfk4dhtMwQwjZg",
    "expire_date": "2022-03-15T15:21:35.191"
  }
},
{
  "model": "sessions.session",
  "pk": "wgtufrctz91c5gasrib8f532ascmn0ba",
  "fields": {
    "session_data": ".eJxVjDsOwjAUBO_iGlm24i8lPWew3tovOIAcKU4qxN0hUgpod2b2JRJta01b5yVNRZyFFqffDZQf3HZQ7tRus8xzW5cJclfkQbu8zoWfl8P9O6jU67c2FlAxODdyATI4WPJZOUahAUo7Y4Nmb3JUUKO3GDSsgdPFeCITxfsDAmY4VA:1nOm57:vkTql489hHbl989qNVRrpgYoaauyhZ5x2cCyBOjEb34",
    "expire_date": "2022-03-14T14:53:17.006"
  }
},
{
  "model": "apps.member",
  "pk": 27,
  "fields": {
    "user": 27,
    "first_surname": "garcia",
    "second_surname": "",
    "names": "juan",
    "full_name": "Nombre completo",
    "person_type": "N",
    "identity": "10001000",
    "profession": "A",
    "mobile": "928782378",
    "phone": "",
    "email": "juan@gmail.com",
    "tuition": 1000,
    "secret_code": null,
    "address": "",
    "area_interest": "",
    "institution": "",
    "photo": "",
    "register_date_time": "2022-03-02T14:16:25.112",
    "is_enabled": true,
    "penalty_fee": false,
    "has_tutition": true,
    "membership": 2,
    "created": "2022-03-02T14:16:25.112",
    "updated": "2022-03-02T14:16:25.668"
  }
},
{
  "model": "apps.member",
  "pk": 28,
  "fields": {
    "user": 28,
    "first_surname": "solis",
    "second_surname": "",
    "names": "Carmen",
    "full_name": "Nombre completo",
    "person_type": "N",
    "identity": "40004000",
    "profession": "A",
    "mobile": "983787323",
    "phone": "",
    "email": "carmen@gmail.com",
    "tuition": 4000,
    "secret_code": null,
    "address": "",
    "area_interest": "",
    "institution": "",
    "photo": "",
    "register_date_time": "2022-03-02T14:20:52.311",
    "is_enabled": false,
    "penalty_fee": true,
    "has_tutition": false,
    "membership": 1,
    "created": "2022-03-02T14:20:52.311",
    "updated": "2022-03-02T14:20:53.025"
  }
},
{
  "model": "apps.member",
  "pk": 29,
  "fields": {
    "user": 29,
    "first_surname": "ramirez",
    "second_surname": "",
    "names": "oscar",
    "full_name": "Nombre completo",
    "person_type": "N",
    "identity": "60006000",
    "profession": "A",
    "mobile": "987873234",
    "phone": "",
    "email": "oscar@gmail.com",
    "tuition": 6000,
    "secret_code": null,
    "address": "",
    "area_interest": "",
    "institution": "",
    "photo": "",
    "register_date_time": "2022-03-02T14:22:55.598",
    "is_enabled": false,
    "penalty_fee": true,
    "has_tutition": false,
    "membership": 1,
    "created": "2022-03-02T14:22:55.598",
    "updated": "2022-03-02T14:22:56.122"
  }
},
{
  "model": "apps.member",
  "pk": 30,
  "fields": {
    "user": 30,
    "first_surname": "desconocido",
    "second_surname": "",
    "names": "intruso",
    "full_name": "Nombre completo",
    "person_type": "N",
    "identity": "10002000",
    "profession": "A",
    "mobile": "988728789",
    "phone": "",
    "email": "intruso@gmail.com",
    "tuition": 10002000,
    "secret_code": null,
    "address": "",
    "area_interest": "",
    "institution": "",
    "photo": "",
    "register_date_time": "2022-03-02T14:26:52.184",
    "is_enabled": false,
    "penalty_fee": false,
    "has_tutition": false,
    "membership": 1,
    "created": "2022-03-02T14:26:52.184",
    "updated": "2022-03-02T14:26:52.636"
  }
},
{
  "model": "apps.member",
  "pk": 31,
  "fields": {
    "user": 31,
    "first_surname": "carmona",
    "second_surname": "",
    "names": "pepito",
    "full_name": "Nombre completo",
    "person_type": "N",
    "identity": "10102020",
    "profession": "A",
    "mobile": "938392345",
    "phone": "",
    "email": "pepito@gmail.com",
    "tuition": 10102020,
    "secret_code": null,
    "address": "",
    "area_interest": "",
    "institution": "",
    "photo": "",
    "register_date_time": "2022-03-02T14:36:17.898",
    "is_enabled": false,
    "penalty_fee": false,
    "has_tutition": false,
    "membership": 1,
    "created": "2022-03-02T14:36:17.898",
    "updated": "2022-03-02T14:36:18.347"
  }
},
{
  "model": "apps.member",
  "pk": 32,
  "fields": {
    "user": 32,
    "first_surname": "juanitoappll",
    "second_surname": "",
    "names": "juanito",
    "full_name": "Nombre completo",
    "person_type": "N",
    "identity": "30303030",
    "profession": "A",
    "mobile": "978234190",
    "phone": "",
    "email": "juanito@gmail.com",
    "tuition": 30303030,
    "secret_code": null,
    "address": "",
    "area_interest": "",
    "institution": "",
    "photo": "",
    "register_date_time": "2022-03-02T17:38:49.946",
    "is_enabled": false,
    "penalty_fee": false,
    "has_tutition": false,
    "membership": 1,
    "created": "2022-03-02T17:38:49.946",
    "updated": "2022-03-02T17:38:50.339"
  }
},
{
  "model": "apps.member",
  "pk": 33,
  "fields": {
    "user": 33,
    "first_surname": "suyon",
    "second_surname": "sosa",
    "names": "jesus",
    "full_name": "Nombre completo",
    "person_type": "N",
    "identity": "73388157",
    "profession": "A",
    "mobile": "988782345",
    "phone": "",
    "email": "suyon.jesus@gmail.com",
    "tuition": 73388157,
    "secret_code": null,
    "address": "",
    "area_interest": "",
    "institution": "",
    "photo": "",
    "register_date_time": "2022-03-02T17:42:23.800",
    "is_enabled": false,
    "penalty_fee": false,
    "has_tutition": false,
    "membership": 1,
    "created": "2022-03-02T17:42:23.800",
    "updated": "2022-03-02T17:42:24.166"
  }
},
{
  "model": "normas.areas_normas",
  "pk": 1,
  "fields": {
    "area_name": "vivienda",
    "register_date_time": "2022-03-02T16:56:25.841",
    "created": "2022-03-02T16:56:25.841",
    "updated": "2022-03-02T16:56:25.841"
  }
},
{
  "model": "normas.areas_normas",
  "pk": 2,
  "fields": {
    "area_name": "restaurantes",
    "register_date_time": "2022-03-02T16:56:31.948",
    "created": "2022-03-02T16:56:31.948",
    "updated": "2022-03-02T16:56:31.948"
  }
},
{
  "model": "normas.categories_normas",
  "pk": 1,
  "fields": {
    "category_name": "1.1 viviendas nuevas",
    "register_date_time": "2022-03-02T16:56:58.773",
    "created": "2022-03-02T16:56:58.773",
    "updated": "2022-03-02T16:56:58.773",
    "area_name": [
      1
    ]
  }
},
{
  "model": "normas.subcategories_normas",
  "pk": 1,
  "fields": {
    "subcategory_name": "1.2 del monton",
    "register_date_time": "2022-03-02T16:57:40.277",
    "order": "1",
    "created": "2022-03-02T16:57:40.277",
    "updated": "2022-03-02T16:57:40.277"
  }
},
{
  "model": "normas.register_normativa",
  "pk": 1,
  "fields": {
    "norma": "norma vivienda",
    "name_denom": "vivenda familiar",
    "base_legal": "202929 nueva",
    "fecha_publi": "2022-03-02",
    "tipo_norma": 1,
    "tipo_uso": 1,
    "document": "",
    "es_foro": false,
    "es_vigente": false,
    "descripcion": "",
    "created": "2022-03-02T16:58:26.176",
    "updated": "2022-03-02T16:58:26.176"
  }
},
{
  "model": "normas.register_normativa",
  "pk": 34,
  "fields": {
    "norma": "asilo ",
    "name_denom": "asilo",
    "base_legal": "asilo 2029",
    "fecha_publi": "2022-02-20",
    "tipo_norma": 1,
    "tipo_uso": 2,
    "document": "",
    "es_foro": false,
    "es_vigente": false,
    "descripcion": "",
    "created": "2022-03-02T17:22:27.655",
    "updated": "2022-03-02T17:22:27.655"
  }
},
{
  "model": "normas.register_palabraclave",
  "pk": 1,
  "fields": {
    "name": "viviendda",
    "created": "2022-03-02T16:58:26.193",
    "updated": "2022-03-02T16:58:26.193",
    "normativas": [
      1
    ]
  }
},
{
  "model": "normas.register_palabraclave",
  "pk": 34,
  "fields": {
    "name": "restaurantes",
    "created": "2022-03-02T17:22:27.712",
    "updated": "2022-03-02T17:22:27.712",
    "normativas": [
      34
    ]
  }
},
{
  "model": "membership.membershipbenefits",
  "pk": 1,
  "fields": {
    "name": "Acceso total al Foro"
  }
},
{
  "model": "membership.membershipbenefits",
  "pk": 2,
  "fields": {
    "name": "Acceso total a las Normas"
  }
},
{
  "model": "membership.membershipbenefits",
  "pk": 3,
  "fields": {
    "name": "Acceso total a videos de cursos"
  }
},
{
  "model": "membership.membershipbenefits",
  "pk": 4,
  "fields": {
    "name": "Acceso al home"
  }
},
{
  "model": "membership.membership",
  "pk": 1,
  "fields": {
    "membership_type": "PNA",
    "price_month": "0.00",
    "price_year": "0.00",
    "benefits": [
      4
    ]
  }
},
{
  "model": "membership.membership",
  "pk": 2,
  "fields": {
    "membership_type": "PLPA",
    "price_month": "0.00",
    "price_year": "0.00",
    "benefits": [
      1,
      2,
      3
    ]
  }
},
{
  "model": "membership.membership",
  "pk": 3,
  "fields": {
    "membership_type": "PLPPA",
    "price_month": "10.00",
    "price_year": "99.00",
    "benefits": [
      1,
      2,
      3
    ]
  }
},
{
  "model": "membership.membership",
  "pk": 4,
  "fields": {
    "membership_type": "PLPP",
    "price_month": "18.00",
    "price_year": "179.00",
    "benefits": [
      1,
      2,
      3
    ]
  }
},
{
  "model": "membership.membership",
  "pk": 5,
  "fields": {
    "membership_type": "PPPA",
    "price_month": "0.00",
    "price_year": "0.00",
    "benefits": [
      1,
      2
    ]
  }
},
{
  "model": "membership.membership",
  "pk": 6,
  "fields": {
    "membership_type": "PPPPA",
    "price_month": "22.00",
    "price_year": "209.00",
    "benefits": [
      1,
      2,
      3
    ]
  }
},
{
  "model": "membership.membership",
  "pk": 7,
  "fields": {
    "membership_type": "PPPP",
    "price_month": "30.00",
    "price_year": "289.00",
    "benefits": [
      1,
      2,
      3
    ]
  }
},
{
  "model": "membership.apimember",
  "pk": 1,
  "fields": {
    "name_user": "Juan Garcia",
    "cap_num": 1000,
    "is_enabled": true,
    "penalty_fee": false,
    "has_tutition": true,
    "identity": "10001000",
    "date_enrollment": "2022-02-28",
    "date_expired": "2023-02-28",
    "created": "2022-02-28T15:32:09.289",
    "updated": "2022-02-28T15:32:09.289"
  }
},
{
  "model": "membership.apimember",
  "pk": 2,
  "fields": {
    "name_user": "Alberto Gutierrez",
    "cap_num": 2000,
    "is_enabled": true,
    "penalty_fee": false,
    "has_tutition": true,
    "identity": "20002000",
    "date_enrollment": "2022-02-28",
    "date_expired": "2023-02-28",
    "created": "2022-02-28T16:28:23.119",
    "updated": "2022-02-28T16:28:23.119"
  }
},
{
  "model": "membership.apimember",
  "pk": 3,
  "fields": {
    "name_user": "Antonio Cisneros",
    "cap_num": 3000,
    "is_enabled": true,
    "penalty_fee": false,
    "has_tutition": true,
    "identity": "30003000",
    "date_enrollment": "2022-02-28",
    "date_expired": "2023-02-28",
    "created": "2022-02-28T16:28:41.317",
    "updated": "2022-02-28T16:29:06.136"
  }
},
{
  "model": "membership.apimember",
  "pk": 4,
  "fields": {
    "name_user": "Carmen Solis",
    "cap_num": 4000,
    "is_enabled": true,
    "penalty_fee": true,
    "has_tutition": true,
    "identity": "40004000",
    "date_enrollment": "2022-02-28",
    "date_expired": "2023-02-28",
    "created": "2022-02-28T16:31:03.974",
    "updated": "2022-02-28T16:31:03.974"
  }
},
{
  "model": "membership.apimember",
  "pk": 5,
  "fields": {
    "name_user": "Diana Vertiz",
    "cap_num": 5000,
    "is_enabled": false,
    "penalty_fee": true,
    "has_tutition": true,
    "identity": "50005000",
    "date_enrollment": "2022-02-28",
    "date_expired": "2023-02-28",
    "created": "2022-02-28T16:31:47.295",
    "updated": "2022-02-28T16:31:47.295"
  }
},
{
  "model": "membership.apimember",
  "pk": 6,
  "fields": {
    "name_user": "Oscar Ramirez",
    "cap_num": 6000,
    "is_enabled": false,
    "penalty_fee": true,
    "has_tutition": true,
    "identity": "60006000",
    "date_enrollment": "2022-02-28",
    "date_expired": "2023-02-28",
    "created": "2022-02-28T16:32:43.623",
    "updated": "2022-02-28T16:32:43.623"
  }
}
]
